0,0,0,0
0.003,0,-0,0
0.006,0.002,-0,0
0.009,0.008,-0,0
0.013,0.02,-0,0
0.019,0.048,-0,0
0.022,0.067,-0,0
0.026,0.101,-0,0
0.033,0.166,-0,0
0.043,0.281,-0,0
0.05,0.389,-0,0
0.058,0.538,-0,0
0.063,0.642,-0,0
0.068,0.746,-0,0
0.072,0.849,-0,0
0.077,0.952,-0,0
0.08,1.055,-0,0
0.086,1.219,-0,0
0.095,1.486,-0.001,0
0.1,1.647,-0.001,0
0.107,1.903,-0.001,0
0.118,2.322,-0.002,-0
0.135,3.029,-0.004,-0
0.16,4.263,-0.008,-0
0.199,6.629,-0.015,-0
0.241,9.745,-0.022,-0
0.255,10.89,-0.023,-0
0.276,12.72,-0.021,0
0.285,13.585,-0.02,0
0.301,15.139,-0.014,0
0.325,17.619,0,0
0.348,20.124,0.022,0
0.366,22.267,0.046,0
0.384,24.456,0.074,0
0.399,26.379,0.102,0
0.422,29.388,0.15,0
0.456,34.177,0.231,0
0.482,38.171,0.299,0
0.5,40.904,0.345,0
0.52,44.124,0.398,0
0.55,49.156,0.482,0
0.595,57.144,0.623,0
0.603,58.577,0.65,0
0.615,60.754,0.691,0
0.632,64.082,0.755,0
0.659,69.211,0.856,0.001
0.692,75.867,0.986,0.001
0.741,86.302,1.193,0
0.774,93.549,1.34,0
0.802,99.866,1.47,0
0.844,109.608,1.673,0
0.894,121.583,1.925,0
0.899,122.802,1.951,0
0.906,124.636,1.99,0
0.918,127.402,2.049,-0
0.935,131.58,2.138,-0
0.961,138.176,2.28,-0
0.999,147.793,2.488,-0
1.023,153.923,2.622,-0.001
1.054,161.887,2.795,-0.001
1.101,173.989,3.059,-0.001
1.151,186.636,3.334,-0.001
1.169,191.089,3.431,-0.002
1.196,197.648,3.572,-0.002
1.237,207.223,3.777,-0.002
1.287,218.636,4.018,-0.002
1.337,229.63,4.248,-0.003
1.387,240.236,4.468,-0.003
1.437,250.483,4.677,-0.003
1.487,260.394,4.877,-0.004
1.537,269.992,5.07,-0.004
1.587,279.294,5.254,-0.004
1.637,288.32,5.43,-0.004
1.687,297.085,5.6,-0.005
1.737,305.604,5.763,-0.005
1.787,313.889,5.919,-0.005
1.837,321.952,6.068,-0.005
1.887,329.805,6.213,-0.005
1.937,337.458,6.352,-0.005
1.987,344.92,6.485,-0.006
2.037,352.199,6.614,-0.006
2.087,359.305,6.738,-0.006
2.137,366.243,6.857,-0.006
2.187,373.022,6.972,-0.006
2.237,379.647,7.083,-0.006
2.286,386.125,7.19,-0.007
2.336,392.461,7.292,-0.007
2.386,398.66,7.392,-0.007
2.436,404.729,7.488,-0.007
2.486,410.67,7.58,-0.007
2.536,416.489,7.669,-0.008
2.586,422.19,7.755,-0.008
2.636,427.776,7.839,-0.008
2.686,433.252,7.92,-0.008
2.736,438.621,7.997,-0.008
2.786,443.886,8.071,-0.008
2.836,449.05,8.142,-0.009
2.886,454.116,8.212,-0.009
2.936,459.088,8.28,-0.009
2.986,463.967,8.346,-0.009
3.036,468.757,8.409,-0.009
3.086,473.459,8.469,-0.009
3.136,478.077,8.526,-0.009
3.186,482.612,8.582,-0.01
3.236,487.067,8.638,-0.01
3.286,491.443,8.692,-0.01
3.336,495.743,8.744,-0.01
3.386,499.968,8.793,-0.01
3.436,504.12,8.84,-0.01
3.486,508.201,8.885,-0.01
3.536,512.212,8.928,-0.011
3.586,516.155,8.968,-0.011
3.636,520.032,9.007,-0.011
3.686,523.837,9.048,-0.011
3.736,527.585,9.089,-0.011
3.786,531.27,9.129,-0.011
3.836,534.894,9.166,-0.011
3.886,538.459,9.2,-0.011
3.936,541.965,9.23,-0.011
3.986,545.413,9.258,-0.011
4.036,548.805,9.286,-0.012
4.086,552.142,9.314,-0.012
4.136,555.424,9.342,-0.012
4.186,558.653,9.37,-0.012
4.236,561.829,9.396,-0.012
4.286,564.954,9.421,-0.012
4.336,568.028,9.444,-0.012
4.386,571.052,9.467,-0.012
4.436,574.027,9.489,-0.012
4.486,576.954,9.51,-0.012
4.536,579.834,9.529,-0.013
4.586,582.667,9.546,-0.013
4.636,585.455,9.563,-0.013
4.686,588.197,9.579,-0.013
4.736,590.894,9.594,-0.013
4.786,593.548,9.608,-0.013
4.836,596.158,9.621,-0.013
4.886,598.726,9.633,-0.013
4.936,601.252,9.645,-0.013
4.986,603.736,9.656,-0.013
5.036,606.18,9.668,-0.013
5.086,608.583,9.679,-0.013
5.136,610.946,9.689,-0.013
5.186,613.27,9.698,-0.013
5.236,615.555,9.706,-0.013
5.286,617.802,9.712,-0.014
5.336,620.011,9.716,-0.014
5.386,622.182,9.72,-0.014
5.436,624.317,9.724,-0.014
5.486,626.415,9.728,-0.014
5.536,628.477,9.731,-0.014
5.586,630.503,9.734,-0.014
5.636,632.494,9.735,-0.014
5.686,634.45,9.736,-0.014
5.736,636.371,9.737,-0.014
5.786,638.258,9.736,-0.014
5.836,640.111,9.736,-0.014
5.886,641.93,9.737,-0.014
5.936,643.717,9.736,-0.014
5.986,645.47,9.736,-0.014
6.036,647.191,9.735,-0.014
6.086,648.879,9.733,-0.014
6.136,650.536,9.73,-0.014
6.186,652.161,9.726,-0.014
6.236,653.754,9.721,-0.014
6.286,655.317,9.714,-0.014
6.336,656.848,9.707,-0.014
6.386,658.349,9.7,-0.015
6.436,659.819,9.693,-0.015
6.486,661.259,9.686,-0.015
6.536,662.67,9.679,-0.015
6.586,664.05,9.671,-0.015
6.636,665.401,9.665,-0.015
6.686,666.723,9.658,-0.015
6.736,668.015,9.652,-0.015
6.786,669.279,9.646,-0.015
6.836,670.514,9.639,-0.015
6.886,671.721,9.631,-0.015
6.936,672.899,9.623,-0.015
6.986,674.049,9.613,-0.015
7.036,675.172,9.602,-0.015
7.086,676.266,9.591,-0.015
7.136,677.333,9.579,-0.015
7.186,678.373,9.566,-0.015
7.236,679.385,9.554,-0.015
7.286,680.371,9.541,-0.015
7.336,681.329,9.528,-0.015
7.386,682.26,9.515,-0.015
7.436,683.165,9.501,-0.015
7.486,684.043,9.488,-0.015
7.536,684.894,9.475,-0.016
7.586,685.719,9.461,-0.016
7.636,686.518,9.446,-0.016
7.686,687.291,9.431,-0.016
7.736,688.038,9.416,-0.016
7.786,688.759,9.4,-0.016
7.836,689.454,9.383,-0.016
7.886,690.124,9.366,-0.016
7.936,690.767,9.349,-0.016
7.986,691.386,9.331,-0.016
8.036,691.979,9.314,-0.016
8.086,692.546,9.296,-0.016
8.136,693.088,9.277,-0.016
8.186,693.605,9.259,-0.016
8.236,694.097,9.24,-0.016
8.286,694.564,9.222,-0.016
8.336,695.005,9.203,-0.016
8.386,695.422,9.184,-0.016
8.436,695.814,9.164,-0.016
8.486,696.181,9.145,-0.016
8.536,696.523,9.125,-0.016
8.586,696.84,9.105,-0.016
8.636,697.133,9.085,-0.016
8.686,697.401,9.064,-0.016
8.736,697.644,9.044,-0.016
8.786,697.863,9.023,-0.017
8.836,698.057,9.001,-0.017
8.886,698.226,8.98,-0.017
8.936,698.371,8.957,-0.017
8.986,698.492,8.935,-0.017
9.036,698.588,8.912,-0.017
9.086,698.66,8.889,-0.017
9.136,698.707,8.865,-0.017
9.186,698.73,8.841,-0.017
9.236,698.728,8.817,-0.017
9.286,698.702,8.793,-0.017
9.336,698.652,8.769,-0.017
9.386,698.577,8.744,-0.017
9.436,698.478,8.72,-0.017
9.486,698.354,8.695,-0.017
9.536,698.206,8.669,-0.017
9.586,698.034,8.644,-0.017
9.636,697.838,8.617,-0.017
9.686,697.617,8.59,-0.017
9.736,697.373,8.562,-0.017
9.786,697.105,8.533,-0.017
9.836,696.813,8.502,-0.017
9.886,696.497,8.47,-0.017
9.936,696.158,8.436,-0.017
9.986,695.796,8.4,-0.017
10.036,695.411,8.362,-0.017
10.086,695.003,8.32,-0.017
10.136,694.573,8.275,-0.018
10.186,694.12,8.226,-0.018
10.236,693.646,8.173,-0.018
10.286,693.15,8.115,-0.018
10.336,692.633,8.052,-0.018
10.386,692.096,7.983,-0.018
10.436,691.538,7.908,-0.018
10.486,690.96,7.826,-0.018
10.536,690.364,7.737,-0.018
10.586,689.749,7.639,-0.018
10.636,689.116,7.532,-0.018
10.686,688.466,7.415,-0.018
10.736,687.801,7.287,-0.018
10.786,687.12,7.149,-0.018
10.836,686.424,6.998,-0.018
10.886,685.715,6.835,-0.018
10.936,684.993,6.66,-0.018
10.986,684.259,6.47,-0.018
11.036,683.513,6.266,-0.018
11.086,682.758,6.048,-0.017
11.136,681.992,5.814,-0.017
11.169,681.488,5.654,-0.017
11.218,680.725,5.402,-0.017
11.268,679.937,5.128,-0.017
11.318,679.141,4.839,-0.017
11.368,678.338,4.533,-0.017
11.418,677.529,4.212,-0.017
11.468,676.714,3.874,-0.017
11.518,675.894,3.519,-0.017
11.568,675.069,3.148,-0.017
11.618,674.241,2.761,-0.016
11.668,673.409,2.358,-0.016
11.718,672.574,1.937,-0.016
11.768,671.737,1.501,-0.016
11.818,670.899,1.048,-0.016
11.868,670.059,0.58,-0.016
11.918,669.22,0.095,-0.016
11.968,668.383,-0.406,-0.015
12.018,667.547,-0.923,-0.015
12.068,666.715,-1.455,-0.015
12.118,665.886,-2.004,-0.015
12.168,665.062,-2.567,-0.015
12.218,664.244,-3.146,-0.014
12.268,663.43,-3.739,-0.014
12.318,662.622,-4.346,-0.014
12.368,661.82,-4.967,-0.014
12.418,661.023,-5.601,-0.013
12.468,660.233,-6.248,-0.013
12.518,659.45,-6.907,-0.013
12.568,658.674,-7.578,-0.013
12.618,657.905,-8.261,-0.012
12.668,657.143,-8.955,-0.012
12.718,656.388,-9.66,-0.012
12.768,655.641,-10.375,-0.012
12.818,654.902,-11.1,-0.011
12.868,654.17,-11.835,-0.011
12.918,653.447,-12.578,-0.011
12.968,652.732,-13.331,-0.01
13.018,652.025,-14.092,-0.01
13.068,651.326,-14.861,-0.01
13.118,650.636,-15.638,-0.009
13.168,649.955,-16.422,-0.009
13.218,649.281,-17.212,-0.009
13.268,648.616,-18.01,-0.008
13.318,647.96,-18.813,-0.008
13.368,647.312,-19.622,-0.008
13.418,646.672,-20.436,-0.007
13.468,646.041,-21.256,-0.007
13.518,645.417,-22.08,-0.007
13.568,644.801,-22.909,-0.006
13.618,644.193,-23.742,-0.006
13.668,643.592,-24.578,-0.006
13.718,642.998,-25.419,-0.005
13.768,642.412,-26.263,-0.005
13.818,641.832,-27.11,-0.005
13.868,641.259,-27.96,-0.004
13.918,640.692,-28.812,-0.004
13.968,640.133,-29.667,-0.003
14.018,639.579,-30.524,-0.003
14.068,639.033,-31.383,-0.003
14.118,638.492,-32.243,-0.002
14.168,637.959,-33.105,-0.002
14.218,637.431,-33.969,-0.001
14.268,636.909,-34.833,-0.001
14.318,636.393,-35.698,-0.001
14.368,635.883,-36.564,-0
14.418,635.378,-37.43,0
14.468,634.879,-38.297,0
14.518,634.384,-39.164,0.001
14.568,633.895,-40.031,0.001
14.618,633.411,-40.897,0.002
14.668,632.932,-41.764,0.002
14.718,632.458,-42.63,0.002
14.768,631.988,-43.495,0.003
14.818,631.523,-44.359,0.003
14.868,631.063,-45.223,0.004
14.918,630.606,-46.086,0.004
14.968,630.154,-46.947,0.004
15.018,629.707,-47.807,0.005
15.068,629.263,-48.666,0.005
15.118,628.823,-49.524,0.006
15.168,628.387,-50.379,0.006
15.218,627.955,-51.233,0.006
15.268,627.527,-52.085,0.007
15.318,627.102,-52.935,0.007
15.368,626.681,-53.783,0.008
15.418,626.264,-54.629,0.008
15.468,625.851,-55.472,0.008
15.518,625.44,-56.313,0.009
15.568,625.033,-57.152,0.009
15.618,624.629,-57.987,0.009
15.668,624.228,-58.821,0.01
15.718,623.828,-59.652,0.01
15.768,623.431,-60.48,0.011
15.818,623.035,-61.306,0.011
15.868,622.641,-62.129,0.011
15.918,622.247,-62.951,0.012
15.968,621.855,-63.769,0.012
16.018,621.463,-64.586,0.013
16.068,621.071,-65.401,0.013
16.118,620.679,-66.213,0.013
16.168,620.286,-67.024,0.014
16.218,619.893,-67.833,0.014
16.268,619.498,-68.64,0.015
16.318,619.103,-69.446,0.015
16.368,618.706,-70.249,0.015
16.418,618.307,-71.051,0.016
16.468,617.908,-71.852,0.016
16.518,617.508,-72.65,0.017
16.568,617.107,-73.448,0.017
16.618,616.704,-74.243,0.017
16.668,616.3,-75.037,0.018
16.718,615.896,-75.83,0.018
16.768,615.489,-76.621,0.019
16.818,615.082,-77.411,0.019
16.868,614.674,-78.199,0.019
16.918,614.264,-78.986,0.02
16.968,613.852,-79.771,0.02
17.018,613.44,-80.555,0.021
17.068,613.025,-81.339,0.021
17.118,612.609,-82.121,0.021
17.168,612.192,-82.902,0.022
17.218,611.773,-83.682,0.022
17.268,611.353,-84.461,0.022
17.318,610.931,-85.239,0.023
17.368,610.507,-86.017,0.023
17.418,610.082,-86.794,0.024
17.468,609.655,-87.571,0.024
17.518,609.227,-88.346,0.024
17.568,608.797,-89.122,0.025
17.618,608.366,-89.897,0.025
17.668,607.934,-90.671,0.026
17.718,607.499,-91.445,0.026
17.768,607.064,-92.219,0.026
17.818,606.627,-92.992,0.027
17.868,606.189,-93.765,0.027
17.918,605.75,-94.537,0.027
17.968,605.309,-95.31,0.028
18.018,604.868,-96.082,0.028
18.068,604.425,-96.853,0.029
18.118,603.982,-97.625,0.029
18.168,603.538,-98.396,0.029
18.218,603.093,-99.167,0.03
18.268,602.648,-99.938,0.03
18.318,602.201,-100.709,0.031
18.368,601.754,-101.48,0.031
18.418,601.307,-102.25,0.031
18.468,600.858,-103.021,0.032
18.518,600.408,-103.791,0.032
18.568,599.958,-104.562,0.032
18.618,599.507,-105.333,0.033
18.668,599.055,-106.104,0.033
18.718,598.603,-106.874,0.034
18.768,598.151,-107.645,0.034
18.818,597.699,-108.416,0.034
18.868,597.246,-109.187,0.035
18.918,596.793,-109.959,0.035
18.968,596.34,-110.73,0.035
19.018,595.887,-111.501,0.036
19.068,595.433,-112.272,0.036
19.118,594.979,-113.044,0.037
19.168,594.524,-113.815,0.037
19.218,594.069,-114.587,0.037
19.268,593.614,-115.358,0.038
19.318,593.159,-116.13,0.038
19.368,592.703,-116.901,0.038
19.418,592.246,-117.673,0.039
19.468,591.789,-118.445,0.039
19.518,591.331,-119.217,0.039
19.568,590.872,-119.99,0.04
19.618,590.413,-120.763,0.04
19.668,589.952,-121.536,0.041
19.718,589.491,-122.31,0.041
19.768,589.028,-123.084,0.041
19.818,588.565,-123.859,0.042
19.868,588.101,-124.634,0.042
19.918,587.636,-125.41,0.042
19.968,587.17,-126.187,0.043
20.018,586.704,-126.964,0.043
20.068,586.236,-127.742,0.043
20.118,585.768,-128.521,0.044
20.168,585.299,-129.3,0.044
20.218,584.829,-130.08,0.044
20.268,584.359,-130.861,0.045
20.318,583.888,-131.642,0.045
20.368,583.418,-132.424,0.045
20.418,582.947,-133.207,0.046
20.468,582.476,-133.99,0.046
20.518,582.005,-134.774,0.046
20.568,581.534,-135.559,0.047
20.618,581.063,-136.344,0.047
20.668,580.592,-137.13,0.047
20.718,580.121,-137.916,0.048
20.768,579.651,-138.703,0.048
20.818,579.181,-139.491,0.048
20.868,578.712,-140.279,0.049
20.918,578.244,-141.068,0.049
20.968,577.776,-141.857,0.049
21.018,577.31,-142.647,0.05
21.068,576.844,-143.437,0.05
21.118,576.379,-144.227,0.05
21.168,575.915,-145.018,0.051
21.218,575.452,-145.809,0.051
21.268,574.99,-146.6,0.051
21.318,574.53,-147.392,0.051
21.368,574.071,-148.183,0.052
21.418,573.613,-148.974,0.052
21.468,573.157,-149.765,0.052
21.518,572.702,-150.556,0.053
21.568,572.248,-151.347,0.053
21.618,571.795,-152.137,0.053
21.668,571.344,-152.928,0.054
21.718,570.894,-153.718,0.054
21.768,570.445,-154.507,0.054
21.818,569.996,-155.297,0.054
21.868,569.547,-156.086,0.055
21.918,569.098,-156.875,0.055
21.968,568.65,-157.664,0.055
22.018,568.202,-158.453,0.056
22.068,567.754,-159.241,0.056
22.118,567.305,-160.029,0.056
22.168,566.857,-160.818,0.056
22.218,566.408,-161.606,0.057
22.268,565.96,-162.394,0.057
22.318,565.511,-163.182,0.057
22.368,565.062,-163.97,0.057
22.418,564.613,-164.758,0.058
22.468,564.164,-165.545,0.058
22.518,563.715,-166.333,0.058
22.568,563.266,-167.121,0.059
22.618,562.817,-167.908,0.059
22.668,562.369,-168.696,0.059
22.718,561.921,-169.483,0.059
22.768,561.472,-170.27,0.06
22.818,561.024,-171.057,0.06
22.868,560.576,-171.843,0.06
22.918,560.128,-172.63,0.061
22.968,559.679,-173.416,0.061
23.018,559.231,-174.202,0.061
23.068,558.782,-174.987,0.061
23.118,558.332,-175.773,0.062
23.168,557.882,-176.558,0.062
23.218,557.431,-177.344,0.062
23.268,556.979,-178.129,0.063
23.318,556.527,-178.914,0.063
23.368,556.073,-179.7,0.063
23.418,555.619,-180.486,0.063
23.468,555.164,-181.272,0.064
23.518,554.707,-182.059,0.064
23.568,554.249,-182.846,0.064
23.618,553.79,-183.633,0.065
23.668,553.33,-184.421,0.065
23.718,552.869,-185.21,0.065
23.768,552.408,-185.999,0.065
23.818,551.945,-186.788,0.066
23.868,551.483,-187.578,0.066
23.918,551.019,-188.369,0.066
23.968,550.556,-189.16,0.067
24.018,550.093,-189.951,0.067
24.068,549.629,-190.743,0.067
24.118,549.166,-191.535,0.068
24.168,548.703,-192.327,0.068
24.218,548.239,-193.12,0.068
24.268,547.776,-193.913,0.068
24.318,547.313,-194.706,0.069
24.368,546.85,-195.499,0.069
24.418,546.388,-196.293,0.069
24.468,545.926,-197.087,0.07
24.518,545.464,-197.881,0.07
24.568,545.002,-198.676,0.07
24.618,544.541,-199.471,0.071
24.668,544.08,-200.266,0.071
24.718,543.621,-201.062,0.071
24.768,543.161,-201.857,0.072
24.818,542.703,-202.653,0.072
24.868,542.245,-203.45,0.072
24.918,541.787,-204.246,0.073
24.968,541.33,-205.042,0.073
25.018,540.874,-205.839,0.074
25.068,540.418,-206.636,0.074
25.118,539.962,-207.432,0.074
25.168,539.508,-208.229,0.075
25.218,539.053,-209.025,0.075
25.268,538.6,-209.821,0.075
25.318,538.147,-210.617,0.076
25.368,537.696,-211.413,0.076
25.418,537.245,-212.208,0.077
25.468,536.795,-213.004,0.077
25.518,536.346,-213.799,0.077
25.568,535.897,-214.594,0.078
25.618,535.448,-215.389,0.078
25.668,535,-216.183,0.079
25.718,534.551,-216.978,0.079
25.768,534.102,-217.772,0.079
25.818,533.652,-218.566,0.08
25.868,533.203,-219.361,0.08
25.918,532.753,-220.155,0.081
25.968,532.303,-220.949,0.081
26.018,531.853,-221.743,0.081
26.068,531.402,-222.538,0.082
26.118,530.952,-223.332,0.082
26.168,530.502,-224.126,0.083
26.218,530.051,-224.92,0.083
26.268,529.601,-225.714,0.084
26.318,529.151,-226.508,0.084
26.368,528.702,-227.302,0.084
26.418,528.253,-228.096,0.085
26.468,527.805,-228.889,0.085
26.518,527.358,-229.683,0.086
26.568,526.912,-230.476,0.086
26.618,526.466,-231.268,0.087
26.668,526.021,-232.06,0.087
26.718,525.577,-232.852,0.088
26.768,525.134,-233.643,0.088
26.818,524.692,-234.434,0.089
26.868,524.25,-235.224,0.089
26.918,523.809,-236.013,0.089
26.968,523.369,-236.802,0.09
27.018,522.928,-237.591,0.09
27.068,522.488,-238.379,0.091
27.118,522.047,-239.166,0.091
27.168,521.607,-239.953,0.092
27.218,521.166,-240.74,0.092
27.268,520.726,-241.526,0.093
27.318,520.284,-242.312,0.093
27.368,519.843,-243.097,0.094
27.418,519.401,-243.882,0.094
27.468,518.958,-244.667,0.095
27.518,518.515,-245.452,0.095
27.568,518.072,-246.237,0.096
27.618,517.628,-247.022,0.096
27.668,517.184,-247.806,0.097
27.718,516.739,-248.59,0.097
27.768,516.293,-249.374,0.098
27.818,515.846,-250.158,0.098
27.868,515.399,-250.942,0.099
27.918,514.952,-251.726,0.099
27.968,514.504,-252.51,0.1
28.018,514.057,-253.293,0.1
28.068,513.609,-254.076,0.101
28.118,513.161,-254.859,0.101
28.168,512.713,-255.642,0.102
28.218,512.264,-256.425,0.102
28.268,511.815,-257.208,0.103
28.318,511.365,-257.991,0.103
28.368,510.915,-258.774,0.104
28.418,510.465,-259.556,0.104
28.468,510.014,-260.339,0.105
28.518,509.563,-261.122,0.106
28.568,509.111,-261.904,0.106
28.618,508.659,-262.687,0.107
28.668,508.206,-263.47,0.107
28.718,507.753,-264.253,0.108
28.768,507.299,-265.036,0.108
28.818,506.845,-265.82,0.109
28.868,506.391,-266.603,0.109
28.918,505.937,-267.387,0.11
28.968,505.483,-268.171,0.111
29.018,505.029,-268.955,0.111
29.068,504.575,-269.739,0.112
29.118,504.121,-270.523,0.112
29.168,503.668,-271.307,0.113
29.218,503.214,-272.091,0.114
29.268,502.761,-272.875,0.114
29.318,502.308,-273.659,0.115
29.368,501.856,-274.443,0.116
29.418,501.404,-275.227,0.116
29.468,500.952,-276.011,0.117
29.518,500.5,-276.794,0.118
29.568,500.048,-277.578,0.118
29.618,499.596,-278.361,0.119
29.668,499.144,-279.144,0.12
29.718,498.691,-279.928,0.12
29.768,498.238,-280.711,0.121
29.818,497.785,-281.495,0.122
29.868,497.332,-282.278,0.122
29.918,496.877,-283.062,0.123
29.968,496.422,-283.846,0.124
30.018,495.967,-284.631,0.124
30.068,495.51,-285.415,0.125
30.118,495.053,-286.2,0.126
30.168,494.596,-286.986,0.127
30.218,494.138,-287.771,0.127
30.268,493.68,-288.557,0.128
30.318,493.221,-289.343,0.129
30.368,492.762,-290.13,0.13
30.418,492.302,-290.917,0.131
30.468,491.843,-291.704,0.131
30.518,491.384,-292.492,0.132
30.568,490.924,-293.28,0.133
30.618,490.465,-294.067,0.134
30.668,490.007,-294.855,0.135
30.718,489.548,-295.644,0.135
30.768,489.091,-296.432,0.136
30.818,488.633,-297.22,0.137
30.868,488.177,-298.009,0.138
30.918,487.72,-298.798,0.139
30.968,487.264,-299.586,0.14
31.018,486.808,-300.375,0.14
31.068,486.353,-301.164,0.141
31.118,485.898,-301.953,0.142
31.168,485.443,-302.741,0.143
31.218,484.989,-303.53,0.144
31.268,484.535,-304.319,0.145
31.318,484.081,-305.108,0.146
31.368,483.627,-305.898,0.147
31.418,483.173,-306.687,0.148
31.468,482.719,-307.476,0.149
31.518,482.265,-308.265,0.15
31.568,481.811,-309.055,0.151
31.618,481.358,-309.844,0.152
31.668,480.906,-310.634,0.152
31.718,480.454,-311.423,0.153
31.768,480.002,-312.212,0.154
31.818,479.551,-313.002,0.155
31.868,479.101,-313.791,0.156
31.918,478.651,-314.58,0.157
31.968,478.202,-315.369,0.159
32.018,477.753,-316.157,0.16
32.068,477.305,-316.946,0.161
32.118,476.858,-317.734,0.162
32.168,476.412,-318.521,0.163
32.218,475.967,-319.309,0.164
32.268,475.522,-320.095,0.165
32.318,475.078,-320.882,0.166
32.368,474.634,-321.668,0.167
32.418,474.191,-322.454,0.168
32.468,473.748,-323.239,0.169
32.518,473.306,-324.024,0.17
32.568,472.863,-324.808,0.171
32.618,472.421,-325.592,0.172
32.668,471.978,-326.376,0.174
32.718,471.535,-327.159,0.175
32.768,471.092,-327.942,0.176
32.818,470.649,-328.725,0.177
32.868,470.205,-329.508,0.178
32.918,469.76,-330.29,0.179
32.968,469.314,-331.073,0.18
33.018,468.868,-331.855,0.182
33.068,468.421,-332.637,0.183
33.118,467.973,-333.419,0.184
33.168,467.524,-334.202,0.185
33.218,467.074,-334.984,0.186
33.268,466.624,-335.766,0.187
33.318,466.173,-336.549,0.189
33.368,465.722,-337.332,0.19
33.418,465.27,-338.114,0.191
33.468,464.817,-338.897,0.192
33.518,464.364,-339.68,0.193
33.568,463.91,-340.463,0.195
33.618,463.457,-341.247,0.196
33.668,463.003,-342.03,0.197
33.718,462.549,-342.813,0.198
33.768,462.096,-343.597,0.199
33.818,461.643,-344.381,0.201
33.868,461.189,-345.164,0.202
33.918,460.737,-345.948,0.203
33.968,460.285,-346.731,0.204
34.018,459.834,-347.514,0.206
34.068,459.383,-348.298,0.207
34.118,458.933,-349.081,0.208
34.168,458.484,-349.864,0.21
34.218,458.035,-350.646,0.211
34.268,457.586,-351.429,0.212
34.318,457.138,-352.211,0.214
34.368,456.69,-352.993,0.215
34.418,456.244,-353.774,0.216
34.468,455.797,-354.556,0.217
34.518,455.351,-355.337,0.219
34.568,454.904,-356.118,0.22
34.618,454.457,-356.899,0.221
34.668,454.01,-357.679,0.223
34.718,453.563,-358.46,0.224
34.768,453.115,-359.24,0.226
34.818,452.667,-360.02,0.227
34.868,452.219,-360.8,0.228
34.918,451.77,-361.58,0.23
34.968,451.32,-362.36,0.231
35.018,450.87,-363.141,0.232
35.068,450.42,-363.921,0.234
35.118,449.969,-364.701,0.235
35.168,449.517,-365.482,0.237
35.218,449.066,-366.262,0.238
35.268,448.613,-367.043,0.239
35.318,448.16,-367.824,0.241
35.368,447.707,-368.605,0.242
35.418,447.253,-369.386,0.244
35.468,446.799,-370.167,0.245
35.518,446.345,-370.948,0.246
35.568,445.89,-371.73,0.248
35.618,445.436,-372.511,0.249
35.668,444.982,-373.293,0.251
35.718,444.528,-374.074,0.252
35.768,444.074,-374.856,0.254
35.818,443.621,-375.638,0.255
35.868,443.168,-376.419,0.257
35.918,442.714,-377.201,0.258
35.968,442.261,-377.983,0.26
36.018,441.808,-378.765,0.261
36.068,441.355,-379.547,0.263
36.118,440.902,-380.328,0.264
36.168,440.448,-381.11,0.266
36.218,439.995,-381.892,0.267
36.268,439.54,-382.674,0.269
36.318,439.085,-383.456,0.27
36.368,438.63,-384.239,0.272
36.418,438.174,-385.021,0.274
36.468,437.717,-385.804,0.275
36.518,437.26,-386.587,0.277
36.568,436.803,-387.371,0.278
36.618,436.345,-388.154,0.28
36.668,435.886,-388.938,0.281
36.718,435.427,-389.723,0.283
36.768,434.967,-390.508,0.285
36.818,434.506,-391.293,0.286
36.868,434.045,-392.079,0.288
36.918,433.584,-392.866,0.29
36.968,433.123,-393.652,0.291
37.018,432.662,-394.439,0.293
37.068,432.201,-395.227,0.295
37.118,431.739,-396.015,0.296
37.168,431.278,-396.803,0.298
37.218,430.817,-397.591,0.3
37.268,430.356,-398.38,0.301
37.318,429.896,-399.169,0.303
37.368,429.436,-399.958,0.305
37.418,428.976,-400.747,0.306
37.468,428.517,-401.537,0.308
37.518,428.058,-402.326,0.31
37.568,427.599,-403.116,0.312
37.618,427.14,-403.906,0.313
37.668,426.681,-404.697,0.315
37.718,426.222,-405.487,0.317
37.768,425.763,-406.278,0.319
37.818,425.303,-407.069,0.321
37.868,424.843,-407.861,0.322
37.918,424.382,-408.653,0.324
37.968,423.92,-409.445,0.326
38.018,423.459,-410.238,0.328
38.068,422.996,-411.031,0.33
38.118,422.534,-411.825,0.331
38.168,422.071,-412.619,0.333
38.218,421.608,-413.414,0.335
38.268,421.144,-414.209,0.337
38.318,420.68,-415.005,0.339
38.368,420.217,-415.802,0.341
38.418,419.754,-416.598,0.342
38.468,419.291,-417.396,0.344
38.518,418.828,-418.193,0.346
38.568,418.366,-418.991,0.348
38.618,417.905,-419.79,0.35
38.668,417.444,-420.588,0.352
38.718,416.984,-421.387,0.354
38.768,416.526,-422.185,0.356
38.818,416.068,-422.984,0.358
38.868,415.611,-423.783,0.36
38.918,415.155,-424.581,0.362
38.968,414.7,-425.38,0.364
39.018,414.246,-426.179,0.366
39.068,413.792,-426.977,0.368
39.118,413.338,-427.776,0.37
39.168,412.886,-428.574,0.372
39.218,412.433,-429.372,0.374
39.268,411.982,-430.17,0.376
39.318,411.531,-430.969,0.378
39.368,411.081,-431.767,0.38
39.418,410.631,-432.565,0.382
39.468,410.182,-433.363,0.384
39.518,409.734,-434.161,0.386
39.568,409.288,-434.958,0.388
39.618,408.842,-435.756,0.39
39.668,408.398,-436.553,0.392
39.718,407.955,-437.35,0.394
39.768,407.513,-438.146,0.396
39.818,407.072,-438.941,0.398
39.868,406.633,-439.736,0.401
39.918,406.195,-440.53,0.403
39.968,405.759,-441.323,0.405
40.018,405.323,-442.116,0.407
40.068,404.889,-442.907,0.409
40.118,404.457,-443.697,0.411
40.168,404.026,-444.487,0.414
40.218,403.595,-445.275,0.416
40.268,403.166,-446.062,0.418
40.318,402.738,-446.849,0.42
40.368,402.31,-447.634,0.422
40.418,401.882,-448.418,0.425
40.468,401.454,-449.202,0.427
40.518,401.025,-449.985,0.429
40.568,400.596,-450.767,0.431
40.618,400.166,-451.549,0.434
40.668,399.735,-452.33,0.436
40.718,399.304,-453.11,0.438
40.768,398.87,-453.89,0.44
40.818,398.436,-454.67,0.442
40.868,398,-455.449,0.445
40.918,397.562,-456.228,0.447
40.968,397.123,-457.006,0.449
41.018,396.682,-457.785,0.451
41.068,396.24,-458.564,0.454
41.118,395.797,-459.342,0.456
41.168,395.352,-460.12,0.458
41.218,394.907,-460.899,0.461
41.268,394.46,-461.677,0.463
41.318,394.013,-462.456,0.465
41.368,393.564,-463.234,0.467
41.418,393.114,-464.013,0.47
41.468,392.663,-464.792,0.472
41.518,392.212,-465.571,0.474
41.568,391.759,-466.35,0.477
41.618,391.306,-467.129,0.479
41.668,390.853,-467.909,0.481
41.718,390.398,-468.688,0.484
41.768,389.943,-469.468,0.486
41.818,389.488,-470.248,0.488
41.868,389.032,-471.028,0.491
41.918,388.575,-471.809,0.493
41.968,388.117,-472.59,0.495
42.018,387.659,-473.371,0.498
42.068,387.2,-474.152,0.5
42.118,386.741,-474.934,0.503
42.168,386.281,-475.716,0.505
42.218,385.82,-476.498,0.507
42.268,385.359,-477.281,0.51
42.318,384.897,-478.065,0.512
42.368,384.435,-478.849,0.515
42.418,383.973,-479.634,0.517
42.468,383.51,-480.419,0.52
42.518,383.047,-481.204,0.522
42.568,382.583,-481.99,0.525
42.618,382.119,-482.777,0.527
42.668,381.655,-483.564,0.53
42.718,381.19,-484.352,0.532
42.768,380.726,-485.14,0.535
42.818,380.262,-485.928,0.537
42.868,379.797,-486.717,0.54
42.918,379.333,-487.507,0.542
42.968,378.87,-488.296,0.545
43.018,378.406,-489.087,0.547
43.068,377.943,-489.877,0.55
43.118,377.481,-490.668,0.553
43.168,377.019,-491.459,0.555
43.218,376.557,-492.251,0.558
43.268,376.096,-493.043,0.561
43.318,375.636,-493.835,0.563
43.368,375.177,-494.627,0.566
43.418,374.718,-495.42,0.569
43.468,374.26,-496.212,0.571
43.518,373.803,-497.005,0.574
43.568,373.347,-497.798,0.577
43.618,372.891,-498.591,0.579
43.668,372.437,-499.384,0.582
43.718,371.984,-500.177,0.585
43.768,371.531,-500.97,0.588
43.818,371.08,-501.763,0.59
43.868,370.629,-502.555,0.593
43.918,370.179,-503.347,0.596
43.968,369.73,-504.139,0.599
44.018,369.281,-504.931,0.602
44.068,368.833,-505.723,0.604
44.118,368.386,-506.514,0.607
44.168,367.938,-507.305,0.61
44.218,367.491,-508.096,0.613
44.268,367.044,-508.887,0.616
44.318,366.598,-509.677,0.619
44.368,366.152,-510.467,0.621
44.418,365.706,-511.257,0.624
44.468,365.261,-512.047,0.627
44.518,364.816,-512.837,0.63
44.568,364.372,-513.626,0.633
44.618,363.928,-514.416,0.636
44.668,363.485,-515.204,0.639
44.718,363.042,-515.993,0.642
44.768,362.6,-516.781,0.645
44.818,362.159,-517.569,0.648
44.868,361.719,-518.356,0.651
44.918,361.279,-519.143,0.654
44.968,360.839,-519.93,0.657
45.018,360.4,-520.715,0.66
45.068,359.961,-521.5,0.663
45.118,359.523,-522.285,0.666
45.168,359.085,-523.068,0.669
45.218,358.648,-523.851,0.672
45.268,358.212,-524.634,0.675
45.318,357.776,-525.415,0.678
45.368,357.341,-526.196,0.681
45.418,356.906,-526.977,0.684
45.468,356.471,-527.757,0.687
45.518,356.035,-528.536,0.69
45.568,355.599,-529.315,0.694
45.618,355.163,-530.094,0.697
45.668,354.726,-530.872,0.7
45.718,354.289,-531.649,0.703
45.768,353.852,-532.427,0.706
45.818,353.414,-533.204,0.709
45.868,352.975,-533.98,0.712
45.918,352.537,-534.757,0.716
45.968,352.097,-535.533,0.719
46.018,351.657,-536.308,0.722
46.068,351.217,-537.084,0.725
46.118,350.776,-537.859,0.728
46.168,350.335,-538.633,0.731
46.218,349.893,-539.408,0.735
46.268,349.451,-540.182,0.738
46.318,349.008,-540.956,0.741
46.368,348.564,-541.729,0.744
46.418,348.119,-542.503,0.747
46.468,347.674,-543.276,0.751
46.518,347.228,-544.049,0.754
46.568,346.78,-544.823,0.757
46.618,346.332,-545.596,0.76
46.668,345.882,-546.369,0.764
46.718,345.431,-547.143,0.767
46.768,344.979,-547.916,0.77
46.818,344.526,-548.69,0.773
46.868,344.071,-549.465,0.776
46.918,343.614,-550.239,0.78
46.968,343.157,-551.015,0.783
47.018,342.698,-551.79,0.786
47.068,342.237,-552.567,0.789
47.118,341.775,-553.344,0.793
47.168,341.312,-554.121,0.796
47.218,340.847,-554.899,0.799
47.268,340.381,-555.679,0.803
47.318,339.914,-556.458,0.806
47.368,339.446,-557.239,0.809
47.418,338.976,-558.02,0.813
47.468,338.506,-558.802,0.816
47.518,338.035,-559.585,0.819
47.568,337.563,-560.369,0.823
47.618,337.091,-561.154,0.826
47.668,336.619,-561.939,0.829
47.718,336.146,-562.726,0.833
47.768,335.673,-563.513,0.836
47.818,335.2,-564.301,0.839
47.868,334.727,-565.09,0.843
47.918,334.254,-565.88,0.846
47.968,333.78,-566.67,0.849
48.018,333.307,-567.461,0.853
48.068,332.834,-568.253,0.856
48.118,332.362,-569.046,0.86
48.168,331.89,-569.84,0.863
48.218,331.418,-570.634,0.867
48.268,330.946,-571.429,0.87
48.318,330.475,-572.225,0.874
48.368,330.003,-573.021,0.877
48.418,329.532,-573.818,0.881
48.468,329.061,-574.616,0.884
48.518,328.591,-575.414,0.888
48.568,328.12,-576.213,0.891
48.618,327.65,-577.013,0.895
48.668,327.181,-577.813,0.898
48.718,326.712,-578.614,0.902
48.768,326.243,-579.415,0.905
48.818,325.776,-580.218,0.909
48.868,325.31,-581.02,0.912
48.918,324.844,-581.824,0.916
48.968,324.379,-582.627,0.92
49.018,323.914,-583.431,0.923
49.068,323.451,-584.236,0.927
49.118,322.988,-585.04,0.931
49.168,322.527,-585.845,0.934
49.218,322.066,-586.65,0.938
49.268,321.607,-587.455,0.942
49.318,321.15,-588.261,0.945
49.368,320.694,-589.066,0.949
49.418,320.239,-589.871,0.953
49.468,319.785,-590.676,0.956
49.518,319.333,-591.481,0.96
49.568,318.881,-592.286,0.964
49.618,318.431,-593.09,0.967
49.668,317.981,-593.895,0.971
49.718,317.532,-594.699,0.975
49.768,317.084,-595.503,0.979
49.818,316.636,-596.306,0.982
49.868,316.189,-597.11,0.986
49.918,315.742,-597.913,0.99
49.968,315.295,-598.716,0.994
50.018,314.848,-599.519,0.998
50.068,314.401,-600.322,1.001
50.118,313.954,-601.125,1.005
50.168,313.507,-601.928,1.009
50.218,313.059,-602.73,1.013
50.268,312.611,-603.533,1.016
50.318,312.163,-604.335,1.02
50.368,311.715,-605.138,1.024
50.418,311.266,-605.94,1.028
50.468,310.818,-606.742,1.032
50.518,310.369,-607.545,1.035
50.568,309.92,-608.347,1.039
50.618,309.471,-609.15,1.043
50.668,309.022,-609.952,1.047
50.718,308.573,-610.755,1.051
50.768,308.125,-611.557,1.055
50.818,307.677,-612.359,1.059
50.868,307.23,-613.161,1.062
50.918,306.783,-613.963,1.066
50.968,306.337,-614.764,1.07
51.018,305.892,-615.565,1.074
51.068,305.447,-616.366,1.078
51.118,305.004,-617.166,1.082
51.168,304.561,-617.966,1.086
51.218,304.119,-618.766,1.09
51.268,303.678,-619.565,1.094
51.318,303.237,-620.364,1.098
51.368,302.798,-621.161,1.102
51.418,302.359,-621.959,1.105
51.468,301.921,-622.756,1.109
51.518,301.484,-623.552,1.113
51.568,301.047,-624.347,1.117
51.618,300.611,-625.142,1.121
51.668,300.175,-625.937,1.125
51.718,299.74,-626.731,1.129
51.768,299.306,-627.524,1.133
51.818,298.872,-628.316,1.137
51.868,298.438,-629.108,1.141
51.918,298.003,-629.9,1.145
51.968,297.568,-630.69,1.149
52.018,297.133,-631.481,1.153
52.068,296.696,-632.27,1.157
52.118,296.259,-633.06,1.161
52.168,295.822,-633.849,1.166
52.218,295.384,-634.637,1.17
52.268,294.945,-635.425,1.174
52.318,294.506,-636.213,1.178
52.368,294.066,-637,1.182
52.418,293.625,-637.788,1.186
52.468,293.184,-638.575,1.19
52.518,292.741,-639.362,1.194
52.568,292.298,-640.149,1.198
52.618,291.855,-640.936,1.202
52.668,291.41,-641.722,1.206
52.718,290.965,-642.509,1.21
52.768,290.52,-643.296,1.214
52.818,290.074,-644.082,1.218
52.868,289.629,-644.869,1.223
52.918,289.183,-645.655,1.227
52.968,288.737,-646.442,1.231
53.018,288.29,-647.228,1.235
53.068,287.844,-648.014,1.239
53.118,287.397,-648.799,1.243
53.168,286.951,-649.585,1.247
53.218,286.506,-650.37,1.252
53.268,286.06,-651.155,1.256
53.318,285.616,-651.94,1.26
53.368,285.172,-652.724,1.264
53.418,284.73,-653.508,1.269
53.468,284.288,-654.292,1.273
53.518,283.847,-655.075,1.277
53.568,283.407,-655.857,1.281
53.618,282.968,-656.64,1.286
53.668,282.53,-657.421,1.29
53.718,282.092,-658.202,1.294
53.768,281.655,-658.983,1.299
53.818,281.218,-659.763,1.303
53.868,280.782,-660.542,1.307
53.918,280.346,-661.32,1.312
53.968,279.911,-662.098,1.316
54.018,279.476,-662.876,1.321
54.068,279.042,-663.652,1.325
54.118,278.607,-664.428,1.329
54.168,278.172,-665.203,1.334
54.218,277.737,-665.978,1.338
54.268,277.301,-666.752,1.343
54.318,276.865,-667.526,1.347
54.368,276.428,-668.299,1.351
54.418,275.989,-669.072,1.356
54.468,275.55,-669.845,1.36
54.518,275.109,-670.617,1.365
54.568,274.667,-671.39,1.369
54.618,274.223,-672.162,1.374
54.668,273.778,-672.935,1.378
54.718,273.331,-673.707,1.382
54.768,272.883,-674.48,1.387
54.818,272.433,-675.253,1.391
54.868,271.981,-676.027,1.396
54.918,271.528,-676.8,1.4
54.968,271.073,-677.575,1.405
55.018,270.617,-678.349,1.409
55.068,270.16,-679.124,1.414
55.118,269.702,-679.9,1.418
55.168,269.244,-680.676,1.423
55.218,268.784,-681.452,1.427
55.268,268.324,-682.229,1.432
55.318,267.864,-683.006,1.437
55.368,267.405,-683.784,1.441
55.418,266.945,-684.562,1.446
55.468,266.486,-685.34,1.45
55.518,266.028,-686.119,1.455
55.568,265.571,-686.898,1.46
55.618,265.116,-687.676,1.464
55.668,264.661,-688.455,1.469
55.718,264.208,-689.234,1.474
55.768,263.755,-690.012,1.478
55.818,263.304,-690.79,1.483
55.868,262.853,-691.568,1.488
55.918,262.404,-692.346,1.493
55.968,261.955,-693.123,1.498
56.018,261.508,-693.901,1.502
56.068,261.061,-694.677,1.507
56.118,260.614,-695.454,1.512
56.168,260.169,-696.23,1.517
56.218,259.723,-697.006,1.522
56.268,259.278,-697.782,1.526
56.318,258.832,-698.558,1.531
56.368,258.386,-699.333,1.536
56.418,257.94,-700.109,1.541
56.468,257.493,-700.884,1.546
56.518,257.045,-701.66,1.551
56.568,256.597,-702.435,1.556
56.618,256.148,-703.211,1.561
56.668,255.699,-703.986,1.566
56.718,255.249,-704.762,1.57
56.768,254.799,-705.538,1.575
56.818,254.347,-706.314,1.58
56.868,253.896,-707.09,1.585
56.918,253.444,-707.867,1.59
56.968,252.992,-708.643,1.595
57.018,252.54,-709.42,1.6
57.068,252.087,-710.197,1.605
57.118,251.634,-710.973,1.61
57.168,251.181,-711.75,1.615
57.218,250.727,-712.527,1.62
57.268,250.273,-713.305,1.625
57.318,249.819,-714.082,1.63
57.368,249.364,-714.859,1.635
57.418,248.909,-715.637,1.641
57.468,248.454,-716.415,1.646
57.518,247.999,-717.193,1.651
57.568,247.544,-717.971,1.656
57.618,247.088,-718.749,1.661
57.668,246.632,-719.528,1.666
57.718,246.176,-720.307,1.671
57.768,245.72,-721.086,1.676
57.818,245.263,-721.866,1.681
57.868,244.806,-722.646,1.687
57.918,244.348,-723.426,1.692
57.968,243.889,-724.207,1.697
58.018,243.43,-724.988,1.702
58.068,242.971,-725.77,1.707
58.118,242.511,-726.552,1.713
58.168,242.051,-727.334,1.718
58.218,241.591,-728.116,1.723
58.268,241.13,-728.9,1.728
58.318,240.669,-729.683,1.734
58.368,240.208,-730.467,1.739
58.418,239.746,-731.251,1.744
58.468,239.284,-732.036,1.75
58.518,238.821,-732.821,1.755
58.568,238.358,-733.607,1.76
58.618,237.895,-734.394,1.766
58.668,237.431,-735.18,1.771
58.718,236.968,-735.968,1.776
58.768,236.503,-736.756,1.782
58.818,236.039,-737.544,1.787
58.868,235.574,-738.333,1.792
58.918,235.109,-739.123,1.798
58.968,234.644,-739.914,1.803
59.018,234.179,-740.704,1.809
59.068,233.713,-741.496,1.814
59.118,233.247,-742.288,1.82
59.168,232.781,-743.081,1.825
59.218,232.314,-743.874,1.831
59.268,231.848,-744.668,1.836
59.318,231.382,-745.463,1.842
59.368,230.917,-746.258,1.847
59.418,230.452,-747.053,1.853
59.468,229.988,-747.849,1.858
59.518,229.525,-748.646,1.864
59.568,229.063,-749.442,1.87
59.618,228.602,-750.24,1.875
59.668,228.142,-751.037,1.881
59.718,227.683,-751.834,1.887
59.768,227.225,-752.632,1.892
59.818,226.769,-753.43,1.898
59.868,226.314,-754.227,1.904
59.918,225.86,-755.025,1.91
59.968,225.407,-755.822,1.915
60.018,224.955,-756.62,1.921
60.068,224.504,-757.417,1.927
60.118,224.053,-758.214,1.933
60.168,223.603,-759.01,1.939
60.218,223.154,-759.807,1.944
60.268,222.705,-760.603,1.95
60.318,222.256,-761.399,1.956
60.368,221.808,-762.195,1.962
60.418,221.36,-762.992,1.968
60.468,220.912,-763.787,1.974
60.518,220.466,-764.583,1.979
60.568,220.019,-765.379,1.985
60.618,219.573,-766.175,1.991
60.668,219.128,-766.971,1.997
60.718,218.682,-767.766,2.003
60.768,218.238,-768.562,2.009
60.818,217.794,-769.357,2.015
60.868,217.35,-770.151,2.021
60.918,216.908,-770.946,2.027
60.968,216.467,-771.74,2.033
61.018,216.027,-772.533,2.04
61.068,215.588,-773.326,2.046
61.118,215.15,-774.118,2.052
61.168,214.713,-774.909,2.058
61.218,214.277,-775.699,2.064
61.268,213.842,-776.489,2.07
61.318,213.408,-777.278,2.076
61.368,212.974,-778.066,2.082
61.418,212.541,-778.854,2.089
61.468,212.107,-779.64,2.095
61.518,211.674,-780.426,2.101
61.568,211.241,-781.212,2.107
61.618,210.808,-781.996,2.113
61.668,210.374,-782.781,2.12
61.718,209.939,-783.565,2.126
61.768,209.504,-784.348,2.132
61.818,209.069,-785.131,2.138
61.868,208.632,-785.914,2.144
61.918,208.195,-786.696,2.151
61.968,207.757,-787.479,2.157
62.018,207.318,-788.261,2.163
62.068,206.879,-789.042,2.169
62.118,206.44,-789.824,2.176
62.168,206,-790.605,2.182
62.218,205.56,-791.386,2.188
62.268,205.119,-792.167,2.195
62.318,204.679,-792.948,2.201
62.368,204.238,-793.728,2.208
62.418,203.798,-794.508,2.214
62.468,203.358,-795.287,2.22
62.518,202.919,-796.066,2.227
62.568,202.48,-796.844,2.233
62.618,202.041,-797.622,2.24
62.668,201.604,-798.399,2.246
62.718,201.166,-799.176,2.253
62.768,200.729,-799.952,2.259
62.818,200.292,-800.728,2.266
62.868,199.855,-801.503,2.272
62.918,199.418,-802.277,2.279
62.968,198.982,-803.051,2.285
63.018,198.546,-803.825,2.292
63.068,198.11,-804.598,2.298
63.118,197.673,-805.37,2.305
63.168,197.237,-806.142,2.311
63.218,196.8,-806.914,2.318
63.268,196.362,-807.685,2.325
63.318,195.924,-808.456,2.331
63.368,195.485,-809.227,2.338
63.418,195.046,-809.997,2.345
63.468,194.607,-810.767,2.351
63.518,194.167,-811.537,2.358
63.568,193.727,-812.306,2.365
63.618,193.285,-813.076,2.371
63.668,192.843,-813.845,2.378
63.718,192.399,-814.614,2.385
63.768,191.955,-815.383,2.391
63.818,191.51,-816.152,2.398
63.868,191.065,-816.92,2.405
63.918,190.618,-817.689,2.411
63.968,190.171,-818.458,2.418
64.018,189.723,-819.227,2.425
64.068,189.274,-819.996,2.432
64.118,188.825,-820.765,2.439
64.168,188.376,-821.534,2.445
64.218,187.925,-822.303,2.452
64.268,187.474,-823.072,2.459
64.318,187.023,-823.842,2.466
64.368,186.572,-824.611,2.473
64.418,186.12,-825.381,2.48
64.468,185.669,-826.151,2.486
64.518,185.218,-826.921,2.493
64.568,184.767,-827.691,2.5
64.618,184.316,-828.461,2.507
64.668,183.866,-829.231,2.514
64.718,183.416,-830.002,2.521
64.768,182.967,-830.771,2.528
64.818,182.518,-831.541,2.535
64.868,182.069,-832.311,2.542
64.918,181.621,-833.08,2.55
64.968,181.173,-833.849,2.557
65.018,180.725,-834.618,2.564
65.068,180.278,-835.387,2.571
65.118,179.831,-836.156,2.578
65.168,179.384,-836.924,2.585
65.218,178.936,-837.693,2.592
65.268,178.489,-838.461,2.599
65.318,178.041,-839.229,2.606
65.368,177.593,-839.997,2.614
65.418,177.143,-840.765,2.621
65.468,176.693,-841.534,2.628
65.518,176.241,-842.303,2.635
65.568,175.789,-843.071,2.642
65.618,175.335,-843.841,2.649
65.668,174.879,-844.61,2.657
65.718,174.422,-845.38,2.664
65.768,173.964,-846.151,2.671
65.818,173.504,-846.922,2.678
65.868,173.043,-847.694,2.685
65.918,172.581,-848.467,2.693
65.968,172.117,-849.24,2.7
66.018,171.653,-850.014,2.707
66.068,171.189,-850.788,2.714
66.118,170.723,-851.564,2.722
66.168,170.257,-852.34,2.729
66.218,169.791,-853.117,2.736
66.268,169.324,-853.894,2.744
66.318,168.857,-854.672,2.751
66.368,168.391,-855.451,2.759
66.418,167.924,-856.23,2.766
66.468,167.458,-857.01,2.773
66.518,166.993,-857.791,2.781
66.568,166.527,-858.571,2.788
66.618,166.063,-859.353,2.796
66.668,165.599,-860.134,2.803
66.718,165.135,-860.916,2.811
66.768,164.671,-861.699,2.818
66.818,164.208,-862.482,2.826
66.868,163.746,-863.265,2.834
66.918,163.284,-864.048,2.841
66.968,162.823,-864.832,2.849
67.018,162.362,-865.616,2.856
67.068,161.902,-866.401,2.864
67.118,161.442,-867.186,2.872
67.168,160.983,-867.971,2.879
67.218,160.525,-868.757,2.887
67.268,160.067,-869.543,2.895
67.318,159.611,-870.329,2.903
67.368,159.156,-871.115,2.911
67.418,158.703,-871.901,2.918
67.468,158.251,-872.688,2.926
67.518,157.8,-873.474,2.934
67.568,157.351,-874.259,2.942
67.618,156.904,-875.045,2.95
67.668,156.458,-875.83,2.958
67.718,156.013,-876.615,2.966
67.768,155.57,-877.399,2.974
67.818,155.128,-878.182,2.982
67.868,154.687,-878.965,2.99
67.918,154.248,-879.747,2.998
67.968,153.81,-880.528,3.006
68.018,153.373,-881.308,3.014
68.068,152.936,-882.088,3.022
68.118,152.5,-882.868,3.03
68.168,152.063,-883.647,3.039
68.218,151.627,-884.425,3.047
68.268,151.19,-885.203,3.055
68.318,150.753,-885.981,3.063
68.368,150.316,-886.758,3.071
68.418,149.878,-887.535,3.079
68.468,149.44,-888.312,3.087
68.518,149.001,-889.088,3.096
68.568,148.562,-889.865,3.104
68.618,148.123,-890.641,3.112
68.668,147.682,-891.417,3.12
68.718,147.242,-892.192,3.129
68.768,146.801,-892.968,3.137
68.818,146.36,-893.743,3.145
68.868,145.919,-894.518,3.153
68.918,145.477,-895.293,3.162
68.968,145.036,-896.067,3.17
69.018,144.594,-896.841,3.178
69.068,144.153,-897.615,3.187
69.118,143.711,-898.388,3.195
69.168,143.27,-899.161,3.204
69.218,142.829,-899.933,3.212
69.268,142.388,-900.706,3.22
69.318,141.947,-901.477,3.229
69.368,141.505,-902.249,3.237
69.418,141.064,-903.02,3.246
69.468,140.622,-903.791,3.254
69.518,140.181,-904.562,3.263
69.568,139.738,-905.333,3.271
69.618,139.296,-906.103,3.28
69.668,138.853,-906.873,3.288
69.718,138.409,-907.643,3.297
69.768,137.964,-908.413,3.306
69.818,137.519,-909.183,3.314
69.868,137.074,-909.953,3.323
69.918,136.628,-910.723,3.332
69.968,136.182,-911.493,3.34
70.018,135.735,-912.263,3.349
70.068,135.288,-913.033,3.358
70.118,134.842,-913.803,3.366
70.168,134.395,-914.573,3.375
70.218,133.949,-915.342,3.384
70.268,133.503,-916.112,3.393
70.318,133.056,-916.882,3.402
70.368,132.61,-917.651,3.411
70.418,132.163,-918.42,3.419
70.468,131.717,-919.189,3.428
70.518,131.271,-919.958,3.437
70.568,130.825,-920.727,3.446
70.618,130.379,-921.495,3.455
70.668,129.933,-922.263,3.464
70.718,129.488,-923.031,3.473
70.768,129.042,-923.799,3.482
70.818,128.596,-924.567,3.491
70.868,128.15,-925.334,3.5
70.918,127.703,-926.102,3.509
70.968,127.257,-926.869,3.518
71.018,126.809,-927.637,3.527
71.068,126.362,-928.404,3.536
71.118,125.914,-929.172,3.545
71.168,125.465,-929.94,3.555
71.218,125.016,-930.707,3.564
71.268,124.567,-931.475,3.573
71.318,124.116,-932.243,3.582
71.368,123.665,-933.011,3.591
71.418,123.213,-933.78,3.601
71.468,122.761,-934.548,3.61
71.518,122.308,-935.317,3.619
71.568,121.854,-936.086,3.628
71.618,121.4,-936.855,3.638
71.668,120.945,-937.625,3.647
71.718,120.489,-938.394,3.656
71.768,120.034,-939.164,3.666
71.818,119.577,-939.935,3.675
71.868,119.121,-940.706,3.684
71.918,118.664,-941.477,3.694
71.968,118.206,-942.248,3.703
72.018,117.748,-943.02,3.713
72.068,117.289,-943.792,3.722
72.118,116.831,-944.565,3.732
72.168,116.371,-945.338,3.741
72.218,115.912,-946.111,3.751
72.268,115.452,-946.885,3.76
72.318,114.991,-947.66,3.77
72.368,114.53,-948.435,3.779
72.418,114.069,-949.21,3.789
72.468,113.607,-949.986,3.799
72.518,113.146,-950.762,3.808
72.568,112.684,-951.539,3.818
72.618,112.223,-952.316,3.828
72.668,111.761,-953.094,3.837
72.718,111.3,-953.872,3.847
72.768,110.839,-954.651,3.857
72.818,110.379,-955.43,3.867
72.868,109.919,-956.209,3.877
72.918,109.46,-956.989,3.887
72.968,109.001,-957.769,3.897
73.018,108.543,-958.549,3.907
73.068,108.086,-959.329,3.917
73.118,107.631,-960.11,3.927
73.168,107.176,-960.89,3.937
73.218,106.723,-961.671,3.947
73.268,106.271,-962.451,3.957
73.318,105.819,-963.231,3.967
73.368,105.369,-964.011,3.977
73.418,104.919,-964.791,3.988
73.468,104.469,-965.571,3.998
73.518,104.021,-966.351,4.008
73.568,103.573,-967.13,4.018
73.618,103.125,-967.909,4.029
73.668,102.679,-968.688,4.039
73.718,102.233,-969.467,4.049
73.768,101.787,-970.246,4.06
73.818,101.342,-971.024,4.07
73.868,100.897,-971.803,4.08
73.918,100.453,-972.581,4.091
73.968,100.009,-973.359,4.101
74.018,99.565,-974.137,4.112
74.068,99.121,-974.914,4.122
74.118,98.678,-975.692,4.133
74.168,98.234,-976.469,4.143
74.218,97.791,-977.246,4.154
74.268,97.349,-978.023,4.165
74.318,96.906,-978.799,4.175
74.368,96.464,-979.575,4.186
74.418,96.022,-980.351,4.196
74.468,95.58,-981.126,4.207
74.518,95.138,-981.901,4.218
74.568,94.696,-982.676,4.228
74.618,94.254,-983.451,4.239
74.668,93.811,-984.225,4.25
74.718,93.368,-984.999,4.261
74.768,92.925,-985.772,4.271
74.818,92.481,-986.546,4.282
74.868,92.037,-987.319,4.293
74.918,91.592,-988.093,4.303
74.968,91.145,-988.866,4.314
75.018,90.698,-989.64,4.325
75.068,90.249,-990.413,4.336
75.118,89.799,-991.187,4.347
75.168,89.348,-991.962,4.357
75.218,88.896,-992.736,4.368
75.268,88.444,-993.511,4.379
75.318,87.99,-994.286,4.39
75.368,87.536,-995.062,4.401
75.418,87.081,-995.838,4.412
75.468,86.625,-996.614,4.423
75.518,86.169,-997.391,4.434
75.568,85.714,-998.168,4.445
75.618,85.258,-998.945,4.456
75.668,84.802,-999.723,4.467
75.718,84.347,-1000.5,4.478
75.768,83.892,-1001.278,4.49
75.818,83.438,-1002.056,4.501
75.868,82.984,-1002.834,4.512
75.918,82.53,-1003.612,4.523
75.968,82.077,-1004.39,4.535
76.018,81.625,-1005.168,4.546
76.068,81.173,-1005.946,4.557
76.118,80.722,-1006.724,4.568
76.168,80.271,-1007.502,4.58
76.218,79.82,-1008.28,4.591
76.268,79.37,-1009.057,4.603
76.318,78.92,-1009.835,4.614
76.368,78.47,-1010.613,4.626
76.418,78.021,-1011.391,4.637
76.468,77.572,-1012.168,4.649
76.518,77.123,-1012.946,4.66
76.568,76.675,-1013.724,4.672
76.618,76.226,-1014.502,4.683
76.668,75.778,-1015.28,4.695
76.718,75.33,-1016.058,4.707
76.768,74.882,-1016.836,4.719
76.818,74.434,-1017.614,4.73
76.868,73.987,-1018.391,4.742
76.918,73.54,-1019.169,4.754
76.968,73.093,-1019.946,4.766
77.018,72.647,-1020.723,4.778
77.068,72.2,-1021.5,4.79
77.118,71.753,-1022.277,4.801
77.168,71.307,-1023.054,4.813
77.218,70.861,-1023.83,4.825
77.268,70.414,-1024.607,4.837
77.318,69.968,-1025.383,4.849
77.368,69.521,-1026.159,4.861
77.418,69.074,-1026.935,4.873
77.468,68.627,-1027.711,4.885
77.518,68.18,-1028.487,4.897
77.568,67.732,-1029.263,4.909
77.618,67.284,-1030.039,4.921
77.668,66.835,-1030.815,4.933
77.718,66.386,-1031.592,4.945
77.768,65.937,-1032.368,4.958
77.818,65.488,-1033.145,4.97
77.868,65.038,-1033.922,4.982
77.918,64.589,-1034.698,4.994
77.968,64.139,-1035.475,5.007
78.018,63.691,-1036.252,5.019
78.068,63.242,-1037.029,5.032
78.118,62.794,-1037.806,5.044
78.168,62.347,-1038.582,5.056
78.218,61.9,-1039.359,5.069
78.268,61.455,-1040.135,5.082
78.318,61.011,-1040.911,5.094
78.368,60.568,-1041.686,5.107
78.418,60.126,-1042.461,5.119
78.468,59.686,-1043.235,5.132
78.518,59.246,-1044.009,5.145
78.568,58.807,-1044.782,5.157
78.618,58.369,-1045.555,5.17
78.668,57.932,-1046.327,5.183
78.718,57.496,-1047.098,5.196
78.768,57.061,-1047.869,5.209
78.818,56.626,-1048.639,5.222
78.868,56.192,-1049.408,5.234
78.918,55.757,-1050.177,5.247
78.968,55.323,-1050.946,5.26
79.018,54.888,-1051.714,5.273
79.068,54.453,-1052.481,5.286
79.118,54.018,-1053.248,5.299
79.168,53.582,-1054.015,5.312
79.218,53.145,-1054.781,5.325
79.268,52.708,-1055.547,5.338
79.318,52.271,-1056.312,5.351
79.368,51.832,-1057.078,5.364
79.418,51.393,-1057.843,5.377
79.468,50.953,-1058.608,5.39
79.518,50.512,-1059.372,5.403
79.568,50.07,-1060.137,5.416
79.618,49.627,-1060.902,5.43
79.668,49.182,-1061.666,5.443
79.718,48.737,-1062.431,5.456
79.768,48.292,-1063.196,5.469
79.818,47.845,-1063.96,5.482
79.868,47.398,-1064.725,5.495
79.918,46.951,-1065.49,5.508
79.968,46.502,-1066.255,5.522
80.018,46.053,-1067.02,5.535
80.068,45.604,-1067.785,5.548
80.118,45.153,-1068.55,5.562
80.168,44.702,-1069.316,5.575
80.218,44.25,-1070.081,5.588
80.268,43.797,-1070.847,5.602
80.318,43.343,-1071.613,5.615
80.368,42.889,-1072.38,5.628
80.418,42.435,-1073.146,5.642
80.468,41.981,-1073.913,5.655
80.518,41.526,-1074.68,5.669
80.568,41.071,-1075.448,5.682
80.618,40.614,-1076.216,5.696
80.668,40.157,-1076.984,5.709
80.718,39.7,-1077.753,5.723
80.768,39.242,-1078.522,5.736
80.818,38.783,-1079.291,5.75
80.868,38.324,-1080.061,5.763
80.918,37.865,-1080.832,5.777
80.968,37.405,-1081.602,5.791
81.018,36.945,-1082.374,5.804
81.068,36.485,-1083.146,5.818
81.118,36.024,-1083.918,5.832
81.168,35.563,-1084.691,5.846
81.218,35.103,-1085.464,5.859
81.268,34.642,-1086.238,5.873
81.318,34.181,-1087.012,5.887
81.368,33.721,-1087.787,5.901
81.418,33.261,-1088.562,5.915
81.468,32.801,-1089.337,5.929
81.518,32.342,-1090.113,5.943
81.568,31.882,-1090.889,5.957
81.618,31.423,-1091.665,5.971
81.668,30.965,-1092.442,5.985
81.718,30.506,-1093.219,6
81.768,30.048,-1093.996,6.014
81.818,29.591,-1094.773,6.028
81.868,29.133,-1095.551,6.042
81.918,28.676,-1096.329,6.056
81.968,28.22,-1097.107,6.071
82.018,27.764,-1097.885,6.085
82.068,27.309,-1098.664,6.099
82.118,26.854,-1099.443,6.114
82.168,26.399,-1100.222,6.128
82.218,25.944,-1101.001,6.142
82.268,25.49,-1101.78,6.157
82.318,25.036,-1102.56,6.171
82.368,24.583,-1103.339,6.186
82.418,24.13,-1104.119,6.2
82.468,23.677,-1104.899,6.215
82.518,23.224,-1105.679,6.23
82.568,22.771,-1106.459,6.244
82.618,22.319,-1107.239,6.259
82.668,21.866,-1108.02,6.274
82.718,21.415,-1108.8,6.288
82.768,20.963,-1109.58,6.303
82.818,20.513,-1110.361,6.318
82.868,20.062,-1111.141,6.332
82.918,19.612,-1111.921,6.347
82.968,19.161,-1112.702,6.362
83.018,18.711,-1113.482,6.377
83.068,18.26,-1114.263,6.392
83.118,17.81,-1115.044,6.407
83.168,17.359,-1115.824,6.421
83.218,16.909,-1116.605,6.436
83.268,16.458,-1117.386,6.451
83.318,16.008,-1118.167,6.466
83.368,15.557,-1118.948,6.481
83.418,15.107,-1119.729,6.496
83.468,14.656,-1120.51,6.511
83.518,14.205,-1121.292,6.526
83.568,13.755,-1122.073,6.541
83.618,13.305,-1122.854,6.557
83.668,12.855,-1123.636,6.572
83.718,12.406,-1124.417,6.587
83.768,11.958,-1125.199,6.602
83.818,11.51,-1125.98,6.618
83.868,11.063,-1126.762,6.633
83.918,10.617,-1127.543,6.648
83.968,10.171,-1128.324,6.664
84.018,9.727,-1129.104,6.679
84.068,9.283,-1129.884,6.695
84.118,8.84,-1130.664,6.71
84.168,8.398,-1131.444,6.726
84.218,7.957,-1132.223,6.741
84.268,7.517,-1133.001,6.757
84.318,7.077,-1133.779,6.772
84.368,6.639,-1134.557,6.788
84.418,6.201,-1135.334,6.804
84.468,5.764,-1136.11,6.819
84.518,5.327,-1136.886,6.835
84.568,4.892,-1137.661,6.851
84.618,4.456,-1138.436,6.867
84.668,4.022,-1139.21,6.882
84.718,3.587,-1139.984,6.898
84.768,3.153,-1140.757,6.914
84.818,2.719,-1141.53,6.93
84.868,2.285,-1142.302,6.946
84.918,1.851,-1143.073,6.962
84.968,1.417,-1143.844,6.978
85.018,0.983,-1144.615,6.994
85.068,0.549,-1145.385,7.01
85.118,0.114,-1146.154,7.026
85.168,-0.321,-1146.923,7.042
